"title","arxiv_link","aggregate_score","upvotes","likes","github_stars","github_link","published_at","authors"
"COLLEAGUE.SKILL: Automated AI Skill Generation via Expert Knowledge Distillation","https://arxiv.org/abs/2605.31264",20000,120,0,19880,"https://github.com/titanwings/colleague-skill","2026-06-01","Tianyi Zhou; Dongrui Liu; Leitao Yuan; Jing Shao; Xia Hu"
"Unlimited OCR Works","https://arxiv.org/abs/2606.23050",11677,0,111,11566,"https://github.com/baidu/Unlimited-OCR","2026-06-22","Youyang Yin; Huanhuan Liu; Qunyi Xie; Chaorun Liu; Shiqi Yang; Shaohua Wang; Zhanlong Liu; Hao Zou; Jinyue Chen; Shu Wei; Jingjing Wu; Mingxin Huang; Zhen Wu; Guibin Wang; Tengyu Du; et al. (16 authors)"
"Cosmos 3: Omnimodal World Models for Physical AI","https://arxiv.org/abs/2606.02800",11110,136,296,10678,"https://github.com/NVIDIA/cosmos","2026-06-04","Aditi; Niket Agarwal; Arslan Ali; Jon Allen; Martin Antolini; Adeline Aubame; Alisson Azzolini; Junjie Bai; Maciej Bala; Yogesh Balaji; Josh Bapst; Aarti Basant; Mukesh Beladiya; Mohammad Qazim Bhat; Zaid Pervaiz Bhat; et al. (291 authors)"
"Improved Large Language Diffusion Models","https://arxiv.org/abs/2606.25331",3907,0,51,3856,"https://github.com/ML-GSAI/LLaDA","2026-06-24","Shen Nie; Qiyang Min; Shaoxuan Xu; Zihao Huang; Yuxuan Song; Yong Shan; Yankai Lin; Wayne Xin Zhao; Chongxuan Li; Ji-Rong Wen"
"VibeThinker-3B: Exploring the Frontier of Verifiable Reasoning in Small Language Models","https://arxiv.org/abs/2606.16140",1700,119,168,1413,"https://github.com/WeiboAI/VibeThinker","2026-06-16","Sen Xu; Shixi Liu; Wei Wang; Jixin Min; Yingwei Dai; Zhibin Yin; Yirong Chen; Xin Zhou; Junlin Zhang"
"Agents' Last Exam","https://arxiv.org/abs/2606.05405",1381,368,254,759,"https://github.com/rdi-berkeley/agents-last-exam","2026-06-09","Yiyou Sun; Xinyang Han; Weichen Zhang; Yuanbo Pang; Tianyu Wang; Yuhan Cao; Yixiao Huang; Chris Duroiu; Haoyun Zhang; Jeffrey Lin; Weishu Zhang; Tyler Zeng; Ying Yan; Bo Liu; Hanson Wen; et al. (308 authors)"
"WALL-WM: Carving World Action Modeling at the Event Joints","https://arxiv.org/abs/2606.01955",1221,0,103,1118,"https://github.com/X-Square-Robot/wall-x","2026-06-01","Shalfun Li; Victor Yao; Charles Yang; Truth Qu; Regis Cheng; Ryan Yu; Howard Lu; Newton Von; Vincent Chen; Yohann Tang; Maeve Zhang; Ellie Ma; Gody Li; Sage Yang; Lorien Shu; et al. (31 authors)"
"FastContext: Training Efficient Repository Explorer for Coding Agents","https://arxiv.org/abs/2606.14066",1088,93,0,995,"https://github.com/microsoft/fastcontext","2026-06-16","Shaoqiu Zhang; Maoquan Wang; Yuling Shi; Yuhang Wang; Xiaodong Gu; Yongqiang Yao; Rao Fu; Shengyu Fu"
"Kwai Keye-VL-2.0 Technical Report","https://arxiv.org/abs/2606.10651",1062,192,72,798,"https://github.com/Kwai-Keye/Keye","2026-06-10","Kwai Keye Team; Bin Wen; Changyi Liu; Chengru Song; Chongling Rao; Guowang Zhang; Han Li; Haonan Fan; Hengrui Ju; Jiankang Chen; Jiapeng Chen; Jiawei Yuan; Kaixuan Yang; Kaiyu Jiang; Kun Gai; et al. (53 authors)"
"Toward Generalist Autonomous Research via Hypothesis-Tree Refinement","https://arxiv.org/abs/2606.11926",1002,121,83,798,"https://github.com/RUC-NLPIR/Arbor","2026-06-11","Jiajie Jin; Yuyang Hu; Kai Qiu; Qi Dai; Chong Luo; Guanting Dong; Xiaoxi Li; Tong Zhao; Xiaolong Ma; Gongrui Zhang; Zhirong Wu; Bei Liu; Zhengyuan Yang; Linjie Li; Lijuan Wang; et al. (18 authors)"
"JoyAI-VL-Interaction: Real-Time Vision-Language Interaction Intelligence","https://arxiv.org/abs/2606.14777",993,205,0,788,"https://github.com/jd-opensource/JoyAI-VL-Interaction","2026-06-16","Dingyu Yao; Junhao Zhou; Chenxu Yang; Chuanyu Qin; Haowen Hou; Zheming Liang; Congcong Wang; Yuhang Cao; Shenglong Ye; Shuai Xie; Shuhuan Gu; Haoyang Huang; Qingyi Si; Nan Duan; Jiaqi Wang"
"OpenRath: Session-Centered Runtime State for Agent Systems","https://arxiv.org/abs/2606.19409",964,76,0,888,"https://github.com/Rath-Team/OpenRath","2026-06-23","Fukang Wen; Zhijie Wang; Ruilin Xu"
"Harness-1: Reinforcement Learning for Search Agents with State-Externalizing Harnesses","https://arxiv.org/abs/2606.02373",955,59,88,808,"https://github.com/pat-jj/harness-1","2026-06-02","Pengcheng Jiang; Zhiyi Shi; Kelly Hong; Xueqiang Xu; Jiashuo Sun; Jimeng Sun; Hammad Bashir; Jiawei Han"
"Qwen-AgentWorld: Language World Models for General Agents","https://arxiv.org/abs/2606.24597",936,139,169,628,"https://github.com/QwenLM/Qwen-AgentWorld","2026-06-24","Yuxin Zuo; Zikai Xiao; Li Sheng; Fei Huang; Jianhong Tu; Yuxuan Liu; Tianyi Tang; Xiaomeng Hu; Yang Su; Qingfeng Lan; Yantao Liu; Qin Zhu; Yinger Zhang; Bowen Yu; Haiquan Zhao; et al. (33 authors)"
"SCAIL-2: Unifying Controlled Character Animation with End-to-end In-Context Conditioning","https://arxiv.org/abs/2606.10804",890,51,0,839,"https://github.com/zai-org/SCAIL-2","2026-06-10","Wenhao Yan; Fengjia Guo; Zhuoyi Yang; Jie Tang"
"DreamX-World 1.0: A General-Purpose Interactive World Model","https://arxiv.org/abs/2606.16993",813,112,102,599,"https://github.com/AMAP-ML/DreamX-World","2026-06-16","DreamX Team; Yancheng Bai; Rui Chen; Xiangxiang Chu; Rujing Dang; Hao Dou; Bingjie Gao; Qiwen Gu; Siyu Hong; Jiachen Lei; Geng Li; Jifan Li; Ruimin Lin; Qingfeng Shi; Bingze Song; et al. (23 authors)"
"Looped World Models","https://arxiv.org/abs/2606.18208",741,468,273,0,"","2026-06-17","Hongyuan Adam Lu; Z. L. Victor Wei; Qun Zhang; Jinrui Zeng; Bowen Cao; Lingwei Meng; Mocheng Li; Zezhong Wang; Haonan Yin; Naifu Xue; Minyu Chen; Cenyuan Zhang; Zefan Zhang; Hao Wei; Jiawei Zhou; et al. (31 authors)"
"MiniMax Sparse Attention","https://arxiv.org/abs/2606.13392",705,148,193,364,"https://github.com/MiniMax-AI/MSA","2026-06-12","Xunhao Lai; Weiqi Xu; Yufeng Yang; Qiaorui Chen; Yang Xu; Lunbin Zeng; Xiaolong Li; Haohai Sun; Haichao Zhu; Vito Zhang; Jinkai Hu; Jiayao Li; Rui Gao; Zekun Li; Songquan Zhu; et al. (17 authors)"
"Audio Interaction Model","https://arxiv.org/abs/2606.05121",675,121,0,554,"https://github.com/xzf-thu/Audio-Interaction","2026-06-04","Zhifei Xie; Zihang Liu; Ze An; Xiaobin Hu; Yue Liao; Ziyang Ma; Dongchao Yang; Mingbao Lin; Deheng Ye; Shuicheng Yan; Chunyan Miao"
"ABot-Earth 0.5: Generative 3D Earth Model","https://arxiv.org/abs/2606.09967",658,484,0,174,"https://github.com/amap-cvlab/ABot-Earth-0.5","2026-06-10","Ming Qian; Tianjian Ouyang; Mingchao Sun; Zijian Wang; Jincheng Xiong; Jiarong Han; Yongchang Zhang; Jiawei Zhang; Xu Wang; Yu Liu; Luyang Tang; Fei Yu; Zengye Ge; Mengmeng Du; Yuan Liu; et al. (28 authors)"
"Moebius: 0.2B Lightweight Image Inpainting Framework with 10B-Level Performance","https://arxiv.org/abs/2606.19195",553,137,0,416,"https://github.com/hustvl/Moebius","2026-06-19","Kangsheng Duan; Ziyang Xu; Wenyu Liu; Xiaohu Ruan; Xiaoxin Chen; Xinggang Wang"
"Latent Spatial Memory for Video World Models","https://arxiv.org/abs/2606.09828",499,71,189,239,"https://github.com/microsoft/LatentSpatialMemory","2026-06-09","Weijie Wang; Haoyu Zhao; Yifan Yang; Feng Chen; Zeyu Zhang; Yefei He; Zicheng Duan; Donny Y. Chen; Yuqing Yang; Bohan Zhuang"
"KVarN: Variance-Normalized KV-Cache Quantization Mitigates Error Accumulation in Reasoning Tasks","https://arxiv.org/abs/2606.03458",488,67,0,421,"https://github.com/huawei-csl/KVarN","2026-06-03","Lorenz K. Muller; Philippe Bich; Chiara Boretti; Hyun-Min Chang; Jiawei Zhuang; Lukas Cavigelli"
"MemSlides: A Hierarchical Memory Driven Agent Framework for Personalized Slide Generation with Multi-turn Local Revision","https://arxiv.org/abs/2606.17162",466,161,0,305,"https://github.com/huohua325/Memslides","2026-06-22","Ye Jin; Yangyang Xu; Jun Zhu; Yibo Yang"
"SpatialClaw: Rethinking Action Interface for Agentic Spatial Reasoning","https://arxiv.org/abs/2606.13673",457,109,53,295,"https://github.com/NVlabs/SpatialClaw","2026-06-12","Seokju Cho; Ryo Hachiuma; Abhishek Badki; Hang Su; Byung-Kwan Lee; Chan Hee Song; Sifei Liu; Subhashree Radhakrishnan; Seungryong Kim; Yu-Chiang Frank Wang; Min-Hung Chen"
"MLEvolve: A Self-Evolving Framework for Automated Machine Learning Algorithm Discovery","https://arxiv.org/abs/2606.06473",427,0,62,365,"https://github.com/InternScience/MLEvolve","2026-06-04","Shangheng Du; Xiangchao Yan; Jinxin Shi; Zongsheng Cao; Shiyang Feng; Zichen Liang; Boyuan Sun; Tianshuo Peng; Yifan Zhou; Xin Li; Jie Zhou; Liang He; Bo Zhang; Lei Bai"
"World Action Models: A Survey","https://arxiv.org/abs/2606.20781",409,54,62,293,"https://github.com/world-action-models/awesome-world-action-models","2026-06-23","Qiuhong Shen; Shihua Zhang; Yue Liao; Qi Li; Zhenxiong Tan; Shizun Wang; Shuicheng Yan; Xinchao Wang"
"Humanoid-GPT: Scaling Data and Structure for Zero-Shot Motion Tracking","https://arxiv.org/abs/2606.03985",406,0,64,342,"https://github.com/GalaxyGeneralRobotics/Humanoid-GPT/","2026-06-02","Zekun Qi; Xuchuan Chen; Dairu Liu; Chenghuai Lin; Yunrui Lian; Sikai Liang; Zhikai Zhang; Yu Guan; Jilong Wang; Wenyao Zhang; Xinqiang Yu; He Wang; Li Yi"
"Claude Fable 5 and Claude Mythos 5","https://www.alphaxiv.org/abs/2026.claude-fable-5-mythos-5",396,0,396,0,"","2026-06-09",""
"Crafter: A Multi-Agent Harness for Editable Scientific Figure Generation from Diverse Inputs","https://arxiv.org/abs/2605.30611",382,250,0,132,"https://github.com/HaozheZhao/Crafter","2026-06-02","Haozhe Zhao; Shuzheng Si; Zhenhailong Wang; Zheng Wang; Liang Chen; Xiaotong Li; Zhixiang Liang; Maosong Sun; Minjia Zhang"
"Tmax: A simple recipe for terminal agents","https://arxiv.org/abs/2606.23321",370,0,214,156,"https://github.com/hamishivi/tmax","2026-06-22","Hamish Ivison; Junjie Oscar Yin; Rulin Shao; Teng Xiao; Nathan Lambert; Hannaneh Hajishirzi"
"Robust-U1: Can MLLMs Self-Recover Corrupted Visual Content for Robust Understanding?","https://arxiv.org/abs/2606.08063",364,81,0,283,"https://github.com/jqtangust/Robust-U1","2026-06-12","Jiaqi Tang; Jianmin Chen; Youyang Zhai; Wei Wei; Runtao Liu; Mengjie Zhao; Xiangyu Wu; Qingfa Xiao; Qifeng Chen"
"GLM-5.2: Built for Long-Horizon Tasks","https://www.alphaxiv.org/abs/2026.glm-5-2",354,0,354,0,"","2026-06-16","Z.ai"
"World Tracing: Generative Pixel-Aligned Geometry Beyond the Visible","https://arxiv.org/abs/2606.13652",349,0,63,286,"https://github.com/haoz19/world-tracing","2026-06-11","Hao Zhang; Mohamed El Banani; Jen-Hao Cheng; Paul Zhang; Yi Hua; Ben Mildenhall; Christoph Lassner; Narendra Ahuja; Gengshan Yang"
"Large Language Models Do Not Always Need Readable Language","https://arxiv.org/abs/2606.19857",341,0,53,288,"https://github.com/chrisneagu/FTC-Skystone-Dark-Angels-Romania-2020","2026-06-18","Jiayi Zhu; Haoxuan Peng; Junxi Wang; Liang Ke; Chen Zhang; Linfeng Zhang"
"Geometric Action Model for Robot Policy Learning","https://arxiv.org/abs/2606.17046",311,115,99,97,"https://github.com/cvlab-kaist/Geometric-Action-Model","2026-06-16","Jisang Han; Seonghu Jeon; Jaewoo Jung; René Zurbrügg; Honggyu An; Tifanny Portela; Marco Hutter; Marc Pollefeys; Seungryong Kim; Sunghwan Hong"
"On the Scaling of PEFT: Towards Million Personal Models of Trillion Parameters","https://arxiv.org/abs/2606.02437",310,236,74,0,"","2026-06-02","Mind Lab; Song Cao; Vic Cao; Kaijie Chen; Bunny Fan; Hera Feng; Huan Feng; Arthur Fu; Jun Gao; Hongquan Gu; Aaron Guan; Mutian Hong; Hailee Hou; Peixuan Hua; Charles Huang; et al. (54 authors)"
"InterleaveThinker: Reinforcing Agentic Interleaved Generation","https://arxiv.org/abs/2606.13679",292,82,0,210,"https://github.com/zhengdian1/InterleaveThinker","2026-06-12","Dian Zheng; Harry Lee; Manyuan Zhang; Kaituo Feng; Zoey Guo; Ray Zhang; Hongsheng Li"
"OPRD: On-Policy Representation Distillation","https://arxiv.org/abs/2606.06021",284,0,257,27,"https://github.com/ShenzhiYang2000/OPRD","2026-06-20","Shenzhi Yang; Guangcheng Zhu; Bowen Song; Haobo Wang; Mingxuan Xia; Xing Zheng; Yingfan Ma; Zhongqi Chen; Weiqiang Wang; Junbo Zhao; Gang Chen"
"FlashMemory-DeepSeek-V4: Lightning Index Ultra-Long Context via Lookahead Sparse Attention","https://arxiv.org/abs/2606.09079",281,64,132,85,"https://github.com/libertywing/FlashMemory-Deepseek-V4","2026-06-09","Yan Wang; Qifan Zhang; Jiachen Yu; Tian Liang; Dongyang Ma; Xiang Hu; Zibo Lin; Chunyang Li; Zhichao Wang; Miao Peng; Nuo Chen; Jia Li; Yujiu Yang; Haitao Mi; Dong Yu"
"You Don't Need Strong Assumptions: Visual Representation Learning via Temporal Differences","https://arxiv.org/abs/2606.15956",281,0,185,96,"https://github.com/ninaddaithankar/tdv","2026-06-14","Ninad Daithankar; Alexi Gladstone; Yann LeCun; Heng Ji"
"ResearchClawBench: A Benchmark for End-to-End Autonomous Scientific Research","https://arxiv.org/abs/2606.07591",272,97,0,175,"https://github.com/InternScience/ResearchClawBench","2026-06-08","Wanghan Xu; Shuo Li; Tianlin Ye; Qinglong Cao; Yixin Chen; Hengjian Gao; Yiheng Wang; Qi Li; Kun Li; Sheng Xu; Shengdu Chai; Fangchen Yu; Xiangyu Zhao; Zhangrui Zhao; Weijie Ma; et al. (50 authors)"
"From AGI to ASI","https://arxiv.org/abs/2606.12683",263,0,263,0,"","2026-06-10","Tim Genewein; Matija Franklin; Alexander Lerchner; Laurent Orseau; Samuel Albanie; Adam Bales; Cole Wyeth; Stephanie Chan; Iason Gabriel; Joel Z. Leibo; Allan Dafoe; Marcus Hutter; Thore Graepel; Shane Legg"
"Data Journalist Agent: Transforming Data into Verifiable Multimodal Stories","https://arxiv.org/abs/2606.11176",257,127,0,130,"https://github.com/QinghongLin/data2story-skill","2026-06-16","Kevin Qinghong Lin; Batu EI; Yuhong Shi; Pan Lu; Philip Torr; James Zou"
"Memory is Reconstructed, Not Retrieved: Graph Memory for LLM Agents","https://arxiv.org/abs/2606.06036",253,75,0,178,"https://github.com/Ji-shuo/MRAgent","2026-06-15","Shuo Ji; Yibo Li; Bryan Hooi"
"Domino: Decoupling Causal Modeling from Autoregressive Drafting in Speculative Decoding","https://arxiv.org/abs/2605.29707",239,151,0,88,"https://github.com/jianuo-huang/Domino","2026-06-02","Jianuo Huang; Yaojie Zhang; Qituan Zhang; Hao Lin; Hanlin Xu; Linfeng Zhang"
"MolmoMotion: Forecasting Point Trajectories in 3D with Language Instruction","https://arxiv.org/abs/2606.18558",232,53,82,97,"https://github.com/allenai/molmo-motion","2026-06-18","Jianing Zhang; Chenhao Zheng; Yajun Yang; Max Argus; Rustin Soraki; Winson Han; Taira Anderson; Chun-Liang Li; Shuo Liu; Jiafei Duan; Zhongzheng Ren; Jieyu Zhang; Ranjay Krishna"
"EvoArena: Tracking Memory Evolution for Robust LLM Agents in Dynamic Environments","https://arxiv.org/abs/2606.13681",229,142,68,19,"https://github.com/Aiden0526/EvoArena","2026-06-12","Jundong Xu; Qingchuan Li; Jiaying Wu; Yihuai Lan; Shuyue Stella Li; Huichi Zhou; Bowen Jiang; Lei Wang; Jun Wang; Anh Tuan Luu; Caiming Xiong; Hae Won Park; Bryan Hooi; Zhiyuan Hu"
"Imaginative Perception Tokens Enhance Spatial Reasoning in Multimodal Language Models","https://arxiv.org/abs/2606.03988",224,126,0,98,"https://github.com/weikaih04/Imaginative-Perception-Token","2026-06-08","Mahtab Bigverdi; Linjie Li; Weikai Huang; Yiming Liu; Jaemin Cho; Jieyu Zhang; Tuhin Kundu; Chris Dangjoo Kim; Zelun Luo; Linda Shapiro; Ranjay Krishna"
"S-Agent: Spatial Tool-Use Elicits Reasoning for Spatial Intelligence","https://arxiv.org/abs/2606.20515",224,0,159,65,"https://github.com/Ropedia/S-Agent","2026-06-18","Yalun Dai; Hao Li; Shulin Tian; Runmao Yao; Yuhao Dong; Fangzhou Hong; Zhaoxi Chen; Fangfu Liu; Baoliang Tian; Dingwen Zhang; Tao Wang; Kim-Hui Yap; Ziwei Liu"
"Are We Ready For An Agent-Native Memory System?","https://arxiv.org/abs/2606.24775",221,106,57,58,"https://github.com/OpenDataBox/MemoryData","2026-06-25","Wei Zhou; Xuanhe Zhou; Shaokun Han; Hongming Xu; Guoliang Li; Zhiyu Li; Feiyu Xiong; Fan Wu"
"GameCraft-Bench: Can Agents Build Playable Games End-to-End in a Real Game Engine?","https://arxiv.org/abs/2606.17861",219,58,0,161,"https://github.com/tongxuluo/gamecraft-bench","2026-06-17","Tongxu Luo; Rongsheng Wang; Jiaxi Bi; Chenming Xu; Zhengyang Tang; Jianlong Chen; Juhao Liang; Ke Ji; Shuqi Guo; Yuhao Du; Fan Bu; Wenyu Du; Xiaotong Zhang; Kyle Li; Shaobo Wang; et al. (25 authors)"
"Hy-Embodied-0.5-VLA: From Vision-Language-Action Models to a Real-World Robot Learning Stack","https://arxiv.org/abs/2606.14409",219,0,54,165,"https://github.com/Tencent-Hunyuan/Hy-Embodied-0.5-VLA","2026-06-12","He Zhang; Lingzhu Xiang; Haitao Lin; Zeyu Huang; Minghui Wang; Dingyan Zhong; Yubo Dong; Yihao Wu; Yongming Rao; Dongsheng Zhang; Wanjia He; Ling Chen; Kai Huang; Jiahao Chen; Sichang Su; et al. (26 authors)"
"Self-Harness: Harnesses That Improve Themselves","https://arxiv.org/abs/2606.09498",218,0,218,0,"","2026-06-08","Hangfan Zhang; Shao Zhang; Kangcong Li; Chen Zhang; Yang Chen; Yiqun Zhang; Lei Bai; Shuyue Hu"
"On the Geometry of On-Policy Distillation","https://arxiv.org/abs/2606.07082",216,75,141,0,"","2026-06-09","Zhennan Shen; Yanshu Li; Qingyu Yin; Chak Tou Leong; Zhilin Wang; Yanxu Chen; Rongduo Han; Sunbowen Lee; Yi R. Fung"
"Agent-as-a-Router: Agentic Model Routing for Coding Tasks","https://arxiv.org/abs/2606.22902",208,0,60,148,"https://github.com/LanceZPF/agent-as-a-router","2026-06-26","Pengfei Zhou; Zhiwei Tang; Yixing Ma; Jiasheng Tang; Yizeng Han; Zhenglin Wan; Fanqing Meng; Wei Wang; Bohan Zhuang; Wangbo Zhao; Yang You"
"LoopCoder-v2: Only Loop Once for Efficient Test-Time Computation Scaling","https://arxiv.org/abs/2606.18023",207,207,0,0,"","2026-06-17","Jian Yang; Shawn Guo; Wei Zhang; Tianyu Zheng; Yaxin Du; Haau-Sing Li; Jiajun Wu; Yue Song; Yan Xing; Qingsong Cai; Zelong Huang; Chuan Hao; Ran Tao; Xianglong Liu; Wayne Xin Zhao; et al. (19 authors)"
"Embodied-R1.5: Evolving Physical Intelligence via Embodied Foundation Models","https://arxiv.org/abs/2606.11324",204,170,0,34,"https://github.com/pickxiguapi/Embodied-R1.5","2026-06-11","Yifu Yuan; Yaoting Huang; Xianze Yao; Yutong Li; Shuoheng Zhang; Linqi Han; Pengyi Li; Jiangeng Sun; Wenting Jia; Zhao Zhang; Yuhao Liu; Ruihao Liao; Yucheng Hu; Qiyu Wu; Yuxiao Li; et al. (23 authors)"
"World-Language-Action Model for Unified World Modeling, Language Reasoning, and Action Synthesis","https://arxiv.org/abs/2606.05979",204,0,106,98,"https://github.com/SJTU-DENG-Lab/WLA","2026-06-04","Yi Yang; Zhihong Liu; Siqi Kou; Yiyang Chen; Yanzhe Hu; Jianbo Zhou; Boyuan Zhao; Zhijie Wei; Xiao Xia; Xueqi Li; Pengfei Liu; Zhijie Deng"
"DomainShuttle: Freeform Open Domain Subject-driven Text-to-video Generation","https://arxiv.org/abs/2606.26058",203,65,0,138,"https://github.com/HKUST-C4G/DomainShuttle","2026-06-25","Nan Chen; Yiyang Cai; Rongchang Xie; Junwen Pan; Cheng Chen; Weinan Jia; Zhuowei Chen; Wen Zhou; Zhenbang Sun; Wenhan Luo"
"Latent Reasoning with Normalizing Flows","https://arxiv.org/abs/2606.06447",194,0,194,0,"","2026-06-04","Guancheng Tu; Xiangjun Fu; Suhao Yu; Yao Tang; Haoqiang Kang; Lianhui Qin; Yizhe Zhang; Jiatao Gu"
"Variable-Width Transformers","https://arxiv.org/abs/2606.18246",189,0,159,30,"https://github.com/ZhaofengWu/variable-width-transformers","2026-06-16","Zhaofeng Wu; Oliver Sieberling; Shawn Tan; Rameswar Panda; Yury Polyanskiy; Yoon Kim"
"OmniDirector: General Multi-Shot Camera Cloning without Cross-Paired Data","https://arxiv.org/abs/2606.13432",183,112,0,71,"https://github.com/lisj575/OmniDirector","2026-06-15","Jiwen Liu; Shujuan Li; Zhixue Fang; Xiaohan Li; Yan Zhou; Zijie Meng; Zhimin Zhang; Yawen Luo; Guoxin Zhang; Yu-Shen Liu; Pengfei Wan"
"ImageWAM: Do World Action Models Really Need Video Generation, or Just Image Editing?","https://arxiv.org/abs/2606.19531",175,0,90,85,"https://github.com/yuyangalin/ImageWAM","2026-06-17","Yuyang Zhang; Wenyao Zhang; Zekun Qi; He Zhang; Haitao Lin; Jingbo Zhang; Yao Mu; Xiaokang Yang; Wenjun Zeng; Xin Jin"
"Test-Time Gradient Guidance of Flow Policies in Reinforcement Learning","https://arxiv.org/abs/2606.11087",168,0,88,80,"https://github.com/zhouzypaul/qgf","2026-06-09","Zhiyuan Zhou; Andy Peng; Charles Xu; Qiyang Li; Tobias Springenberg; Kevin Frans; Sergey Levine"
"MAI-Thinking-1: Building a Hill-Climbing Machine","https://www.alphaxiv.org/abs/mai-thinking-1",162,0,162,0,"","2026-06-04","The Microsoft AI Team"
"GrepSeek: Training Search Agents for Direct Corpus Interaction","https://arxiv.org/abs/2605.29307",161,115,0,46,"https://github.com/alirezasalemi7/grepseek","2026-06-01","Alireza Salemi; Chang Zeng; Atharva Nijasure; Jui-Hui Chung; Razieh Rahimi; Fernando Diaz; Hamed Zamani"
"Role-Agent: Bootstrapping LLM Agents via Dual-Role Evolution","https://arxiv.org/abs/2606.10917",158,76,0,82,"https://github.com/AMAP-ML/roleagent","2026-06-10","Xucong Wang; Ziyu Ma; Shidong Yang; Tongwen Huang; Pengkun Wang; Yong Wang; Xiangxiang Chu"
"Paving the way for agents in biology","https://www.alphaxiv.org/abs/2026.agents-in-biology",156,0,156,0,"","2026-06-08",""
"Learning from the Self-future: On-policy Self-distillation for dLLMs","https://arxiv.org/abs/2606.18195",153,76,67,10,"https://github.com/xingzhejun/d-opsd-code","2026-06-17","Yifu Luo; Zeyu Chen; Haoyu Wang; Xinhao Hu; Yuxuan Zhang; Zhizhou Sha; Shiwei Liu"
"Qwen-RobotWorld Technical Report: Unifying Embodied World Modeling through Language-Conditioned Video Generation","https://arxiv.org/abs/2606.17030",151,0,151,0,"","2026-06-17","Jie Zhang; Xiaoyue Chen; Anzhe Chen; Dayiheng Liu; Deqing Li; Gengze Zhou; Hale Yin; Haoqi Yuan; Haoyang Li; Jiahao Li; Jiazhao Zhang; Jingren Zhou; Kaiyuan Gao; Kun Yan; Lihan Jiang; et al. (39 authors)"
"WeaveBench: A Long-Horizon, Real-World Benchmark for Computer-Use Agents with Hybrid Interfaces","https://arxiv.org/abs/2606.09426",150,104,0,46,"https://github.com/weavebench/WeaveBench","2026-06-12","Wanli Li; Bowen Zhou; Yunyao Yu; Zhou Xu; Yifan Yang; Dongsheng Li; Caihua Shan"
"Wan-Streamer v0.1: End-to-end Real-time Interactive Foundation Models","https://arxiv.org/abs/2606.25041",150,98,52,0,"","2026-06-25","Lianghua Huang; Zhi-Fan Wu; Wei Wang; Yupeng Shi; Mengyang Feng; Junjie He; Chen-Wei Xie; Yu Liu; Jingren Zhou; Ang Wang; Bang Zhang; Baole Ai; Chen Liang; Cheng Yu; Chongyang Zhong; et al. (24 authors)"
"DataClaw0: Agentic Tailoring Multimodal Data from Raw Streams","https://arxiv.org/abs/2606.21337",150,73,0,77,"https://github.com/vancyland/DataClaw0","2026-06-23","Cong Wan; Zeyu Guo; Zijian Cai; Jiangyang Li; SongLin Dong; Lin Peng; Xiangyang Luo; Zhiheng Ma; Yihong Gong"
"APPO: Agentic Procedural Policy Optimization","https://arxiv.org/abs/2606.12384",147,79,0,68,"https://github.com/AMAP-ML/APPO","2026-06-15","Xucong Wang; Ziyu Ma; Yong Wang; Yuxiang Ji; Shidong Yang; Guanhua Chen; Pengkun Wang; Xiangxiang Chu"
"Qwen-RobotManip Technical Report: Alignment Unlocks Scale for Robotic Manipulation Foundation Models","https://arxiv.org/abs/2606.17846",146,0,146,0,"","2026-06-17","Haoqi Yuan; Zhixuan Liang; Anzhe Chen; Ye Wang; Haoyang Li; Pei Lin; Yiyang Huang; Zixing Lei; Tong Zhang; Jiazhao Zhang; Jie Zhang; Jingyang Fan; Gengze Zhou; Qihang Peng; Chenxu Lv; et al. (23 authors)"
"SWE-Explore: Benchmarking How Coding Agents Explore Repositories","https://arxiv.org/abs/2606.07297",143,121,0,22,"https://github.com/Qiushao-E/SWE-Explore-Bench","2026-06-09","Shaoqiu Zhang; Yuhang Wang; Jialiang Liang; Yuling Shi; Wenhao Zeng; Maoquan Wang; Shilin He; Ningyuan Xu; Siyu Ye; Kai Cai; Xiaodong Gu"
"Reversal Q-Learning","https://arxiv.org/abs/2606.17551",141,0,113,28,"https://github.com/aoberai/rql","2026-06-16","Aditya Oberai; Seohong Park; Sergey Levine"
"OCC-RAG: Optimal Cognitive Core for Faithful Question Answering","https://arxiv.org/abs/2606.00683",139,98,0,41,"https://github.com/optimal-cognitive-core/OCC-RAG","2026-06-03","Maksim Savkin; Mikhail Goncharov; Alexander Gambashidze; Alla Chepurova; Dmitrii Tarasov; Nikita Andriianov; Daria Pugacheva; Vasily Konovalov; Andrey Galichin; Ivan Oseledets"
"Fixed-Point Reasoners: Stable and Adaptive Deep Looped Transformers","https://arxiv.org/abs/2606.18206",136,0,122,14,"https://github.com/nilskiKonjIzDunava/fprm","2026-06-16","Sajad Movahedi; Vera Milovanović; Shlomo Libo Feigin; Alexander Theus; Thomas Hofmann; Valentina Boeva; T. Konstantin Rusch; Antonio Orvieto"
"Decentralized Multi-Agent Systems with Shared Context","https://arxiv.org/abs/2606.10662",136,0,54,82,"https://github.com/yuzhenmao/DeLM","2026-06-09","Yuzhen Mao; Azalia Mirhoseini"
"A Functional Taxonomy of World Models","https://www.alphaxiv.org/abs/2026.functional-taxonomy-of-world-models",134,0,134,0,"","2026-06-03",""
"EurekAgent: Agent Environment Engineering is All You Need For Autonomous Scientific Discovery","https://arxiv.org/abs/2606.13662",134,0,72,62,"https://github.com/THU-Team-Eureka/EurekAgent","2026-06-12","Amy Xin; Jiening Siow; Junjie Wang; Zijun Yao; Fanjin Zhang; Jian Song; Lei Hou; Juanzi Li"
"SearchSwarm: Towards Delegation Intelligence in Agentic LLMs for Long-Horizon Deep Research","https://arxiv.org/abs/2606.09730",133,54,0,79,"https://github.com/Search-Swarm/SearchSwarm","2026-06-10","Pu Ning; Quan Chen; Kun Tao; Xinyu Tang; Tianshu Wang; Qianggang Cao; Xinyu Kong; Zujie Wen; Zhiqiang Zhang; Jun Zhou"
"LabVLA: Grounding Vision-Language-Action Models in Scientific Laboratories","https://arxiv.org/abs/2606.13578",129,56,0,73,"https://github.com/zjunlp/LabVLA","2026-06-12","Baochang Ren; Xinjie Liu; Xi Chen; Yanshuo Liu; Chenxi Li; Daqi Gao; Zeqin Su; Jintao Xing; Zirui Xue; Rui Li; Xiangyu Zhao; Shuofei Qiao; Minting Pan; Wangmeng Zuo; Lei Bai; et al. (18 authors)"
"RLCSD: Reinforcement Learning with Contrastive On-Policy Self-Distillation","https://arxiv.org/abs/2606.11709",129,0,77,52,"https://github.com/THU-BPM/RLCSD","2026-06-10","Leyi Pan; Shuchang Tao; Yunpeng Zhai; Lingzhe Zhang; Zhaoyang Liu; Bolin Ding; Aiwei Liu; Lijie Wen"
"First Steps Toward Automated AI Research","https://www.alphaxiv.org/abs/2026.first-steps-toward-automated-ai-research",128,0,128,0,"","2026-06-11","Recursive Superintelligence"
"PlanBench-XL: Evaluating Long-Horizon Planning of LLM Tool-Use Agents in Large-Scale Tool Ecosystems","https://arxiv.org/abs/2606.22388",127,95,0,32,"https://github.com/JiayuJeff/PlanBench-XL","2026-06-23","Jiayu Liu; Qihan Lin; Cheng Qian; Rui Wang; Emre Can Acikgoz; Xiaocheng Yang; Jiateng Liu; Zhenhailong Wang; Xiusi Chen; Heng Ji; Dilek Hakkani-Tür"
"PerceptionDLM: Parallel Region Perception with Multimodal Diffusion Language Models","https://arxiv.org/abs/2606.19534",126,64,0,62,"https://github.com/MSALab-PKU/PerceptionDLM","2026-06-22","Yueyi Sun; Yuhao Wang; Jason Li; Ye Tian; Tao Zhang; Jacky Mai; Yihan Wang; Haochen Wang; Jinbin Bai; Ling Yang; Yunhai Tong"
"Trajectory-Refined Distillation","https://arxiv.org/abs/2606.08432",126,0,102,24,"https://github.com/louieworth/trd","2026-06-07","Li Jiang; Haoran Xu; Yichuan Ding; Amy Zhang"
"Your UnEmbedding Matrix is Secretly a Feature Lens for Text Embeddings","https://arxiv.org/abs/2606.07502",123,99,0,24,"https://github.com/CentreChen/EmbFilter","2026-06-08","Songhao Wu; Zhongxin Chen; Yuxuan Liu; Heng Cui; Cong Li; Rui Yan"
"Autodata: An agentic data scientist to create high quality synthetic data","https://arxiv.org/abs/2606.25996",119,0,119,0,"","2026-06-25","Ilia Kulikov; Chenxi Whitehouse; Tianhao Wu; Yixin Nie; Swarnadeep Saha; Eryk Helenowski; Weizhe Yuan; Olga Golovneva; Jack Lanchantin; Yoram Bachrach; Jakob Foerster; Xian Li; Han Fang; Sainbayar Sukhbaatar; Jason Weston"
"Do as I Do: Dexterous Manipulation Data from Everyday Human Videos","https://arxiv.org/abs/2606.19333",119,0,119,0,"","2026-06-17","Bhawna Paliwal; Haritheja Etukuru; William Liang; Pieter Abbeel; Nur Muhammad Mahi Shafiullah; Jitendra Malik"
"NatureBench: Can Coding Agents Match the Published SOTA of Nature-Family Papers?","https://arxiv.org/abs/2606.24530",118,61,0,57,"https://github.com/FrontisAI/NatureBench","2026-06-24","Yuru Wang; Lejun Cheng; Yuxin Zuo; Sihang Zeng; Bingxiang He; Che Jiang; Junlin Yang; Yuchong Wang; Kaikai Zhao; Weifeng Huang; Kai Tian; Zhenzhao Yuan; Jincheng Zhong; Weizhi Wang; Ning Ding; et al. (17 authors)"
"Trust Region On-Policy Distillation","https://arxiv.org/abs/2606.01249",116,0,97,19,"https://github.com/Xingrun-Xing2/TrOPD","2026-06-17","Xingrun Xing; Haoqing Wang; Boyan Gao; Ziheng Li; Yehui Tang"
"From Chatbot to Digital Colleague: The Paradigm Shift Toward Persistent Autonomous AI","https://arxiv.org/abs/2606.14502",114,114,0,0,"","2026-06-15","Yongheng Zhang; Ziang Liu; Jiaxuan Zhu; Shuai Wang; Xiangqi Chen; Haojing Huang; Jiayi Kuang; Siyu Chen; Ao Shen; Hao Wu; Qiufeng Wang; Qian-Wen Zhang; Junnan Dong; Wenhao Jiang; Ying Shen; et al. (20 authors)"
"Zone of Proximal Policy Optimization: Teacher in Prompts, Not Gradients","https://arxiv.org/abs/2606.18216",114,63,51,0,"","2026-06-17","Byung-Kwan Lee; Ximing Lu; Shizhe Diao; Minki Kang; Saurav Muralidharan; Karan Sapra; Andrew Tao; Pavlo Molchanov; Yejin Choi; Yu-Chiang Frank Wang; Ryo Hachiuma"
"EnterpriseClawBench: Benchmarking Agents from Real Workplace Sessions","https://arxiv.org/abs/2606.23654",113,79,0,34,"https://github.com/FrontisAI/EnterpriseClawBench","2026-06-23","Jincheng Zhong; Weizhi Wang; Che Jiang; Kai Tian; Zhenzhao Yuan; Junlin Yang; Dianqiao Lei; Kaiyan Zhang"
"MemoryWAM: Efficient World Action Modeling with Persistent Memory","https://arxiv.org/abs/2606.20562",110,0,110,0,"","2026-06-18","Sizhe Yang; Juncheng Mu; Tianming Wei; Chenhao Lu; Xiaofan Li; Linning Xu; Zhengrong Xue; Zhecheng Yuan; Dahua Lin; Jiangmiao Pang; Huazhe Xu"
"ICA Lens: Interpreting Language Models Without Training Another Dictionary","https://arxiv.org/abs/2606.11722",110,0,77,33,"https://github.com/liusida/ica-lens-paper","2026-06-10","Sida Liu; Feijiang Han"
"ExpRL: Exploratory RL for LLM Mid-Training","https://arxiv.org/abs/2606.17024",106,0,92,14,"https://github.com/violetxi/ExpRL","2026-06-15","Violet Xiang; Amrith Setlur; Chase Blagden; Nick Haber; Aviral Kumar"
"FORT-Searcher: Synthesizing Shortcut-Resistant Search Tasks for Training Deep Search Agents","https://arxiv.org/abs/2606.12087",103,77,0,26,"https://github.com/RUCAIBox/FORT-Searcher","2026-06-12","Jia Deng; Yimeng Chen; Xiaoqing Xiang; Ziyang Zeng; Shuo Tang; Wayne Xin Zhao; Feng Chang; Chuan Hao; Yuan Wei; Ran Tao; Bryan Dai; Ji-Rong Wen"
"Claw-SWE-Bench: A Benchmark for Evaluating OpenClaw-style Agent Harnesses on Coding Tasks","https://arxiv.org/abs/2606.12344",103,70,0,33,"https://github.com/opensquilla/claw-swe-bench","2026-06-11","Mengyu Zheng; Kai Han; Boxun Li; Haiyang Xu; Yuchuan Tian; Wei He; Hang Zhou; Jianyuan Guo; Hailin Hu; Lin Ma; Chao Xu; Guohao Dai; Lixue Xia; Yunchao Wei; Yunhe Wang; et al. (16 authors)"
"Robots Need More than VLA and World Models","https://arxiv.org/abs/2606.06556",103,0,103,0,"","2026-06-04","Elis Karcini; Faisal Mehrban; Quang Nguyen; Mac Schwager; Arash Ajoudani; Cesar Cadena; Jan Peters; Marco Hutter; Haitham Bou-Ammar"
"RepWAM: World Action Modeling with Representation Visual-Action Tokenizers","https://arxiv.org/abs/2606.13674",99,0,53,46,"https://github.com/wdrink/RepWAM","2026-06-13","Junke Wang; Qihang Zhang; Shuai Yang; Yiming Luo; Yujun Shen; Zuxuan Wu; Yu-Gang Jiang; Yinghao Xu"
"Retrospective Harness Optimization: Improving LLM Agents via Self-Preference over Trajectory Rollouts","https://arxiv.org/abs/2606.05922",98,69,0,29,"https://github.com/wbopan/retro-harness","2026-06-10","Wenbo Pan; Shujie Liu; Chin-Yew Lin; Jingying Zeng; Xianfeng Tang; Xiangyang Zhou; Yan Lu; Xiaohua Jia"
"Self-Distilled Policy Gradient","https://arxiv.org/abs/2606.04036",98,0,52,46,"https://github.com/lauyikfung/SDPG","2026-06-02","Yifeng Liu; Shiyuan Zhang; Yifan Zhang; Quanquan Gu"
"Latent Thought Flow: Efficient Latent Reasoning in Large Language Models","https://arxiv.org/abs/2606.16222",97,0,97,0,"","2026-06-15","Xiandong Zou; Jing Huang; Jianshu Li; Pan Zhou"
"Code2LoRA: Hypernetwork-Generated Adapters for Code Language Models under Software Evolution","https://arxiv.org/abs/2606.06492",95,95,0,0,"","2026-06-05","Liliana Hotsko; Yinxi Li; Yuntian Deng; Pengyu Nie"
"Redesign Mixture-of-Experts Routers with Manifold Power Iteration","https://arxiv.org/abs/2606.12397",93,89,0,4,"https://github.com/ericshwu/Router-with-Manifold-Power-Iteration","2026-06-11","Songhao Wu; Ang Lv; Ruobing Xie; Yankai Lin"
"Agents-K1: Towards Agent-native Knowledge Orchestration","https://arxiv.org/abs/2606.13669",93,0,57,36,"https://github.com/InternScience/GraphAnything","2026-06-11","Zongsheng Cao; Bihao Zhan; Jinxin Shi; Jiong Wang; Fangchen Yu; Zhijie Zhong; Zijie Guo; Tianshuo Peng; Zhuo Liu; Yi Xie; Xiang Zhuang; Yue Fan; Runmin Ma; Shiyang Feng; Xiangchao Yan; et al. (25 authors)"
"MaxProof: Scaling Mathematical Proof with Generative-Verifier RL and Population-Level Test-Time Scaling","https://arxiv.org/abs/2606.13473",92,92,0,0,"","2026-06-12","Jiacheng Chen; Xinyu Zhang; Shunkai Zhang; Yanmohan Wang; Lin Li; Tiancheng Qin; Qin Wang; Zhengmao Zhu; Tianle Li; Jingyang Li; Zehan Li; Binyang Jiang; Jin Zhu; Han Ding; Fei Yu; et al. (23 authors)"
"Breaking Entropy Bounds: Accelerating RL Training via MTP with Rejection Sampling","https://arxiv.org/abs/2606.12370",91,0,91,0,"","2026-06-10","Yucheng Li; Huiqiang Jiang; Yang Xu; Jianxin Yang; Yi Zhang; Yizhong Cao; Yuhao Shen; Fan Zhou; Rui Men; Jianwei Zhang; An Yang; Bowen Yu; Bo Zheng; Fei Huang; Junyang Lin; et al. (17 authors)"
"How Transparent is DiffusionGemma?","https://arxiv.org/abs/2606.20560",89,0,89,0,"","2026-06-18","Joshua Engels; Callum McDougall; Bilal Chughtai; Janos Kramar; Senthoran Rajamanoharan; Cindy Wu; Arthur Conmy; Asic Q Chen; Jean Tarbouriech; Min Ma; Brendan O'Donoghue; João Gabriel Lopes de Oliveira; Rohin Shah; Neel Nanda"
"Qwen-RobotNav Technical Report: A Scalable Navigation Model Designed for an Agentic Navigation System","https://arxiv.org/abs/2606.18112",88,0,88,0,"","2026-06-18","Jiazhao Zhang; Gengze Zhou; Hale Yin; Yiyang Huang; Zixing Lei; Qihang Peng; Haoqi Yuan; Jie Zhang; Xudong Guo; Xiaoyue Chen; An Yang; Fei Huang; Zhibo Yang; Junyang Lin; Dayiheng Liu; et al. (34 authors)"
"OneReason Technical Report","https://arxiv.org/abs/2606.06260",88,0,88,0,"","2026-06-04","OneRec Team; Biao Yang; Boyang Ding; Chenglong Chu; Dunju Zang; Fei Pan; Han Li; Hao Jiang; Honghui Bao; Huanjie Wang; Jian Liang; Jiangxia Cao; Jiao Ou; Jiaxin Deng; Jinghao Zhang; et al. (84 authors)"
"Ling and Ring 2.6 Technical Report: Efficient and Instant Agentic Intelligence at Trillion-Parameter Scale","https://arxiv.org/abs/2606.15079",87,87,0,0,"","2026-06-16","Ang Li; Ben Liu; Bin Han; Bin Hu; Bin Jing; Binbin Hu; Bing Li; Cai Chen; Caizhi Tang; Changxin Tian; Chao Huang; Chao Zhang; Chen Liang; Chen Qian; Chengfu Tang; et al. (218 authors)"
"Multi-LCB: Extending LiveCodeBench to Multiple Programming Languages","https://arxiv.org/abs/2606.20517",87,60,0,27,"https://github.com/Multi-LCB/Multi-LCB","2026-06-19","Maria Ivanova; Pavel Zadorozhny; Rodion Levichev; Ivan Petrov; Adamenko Pavel; Ivan Lopatin; Alexey Kutalev; Dmitrii Babaev"
"Masking Stale Observations Helps Search Agents -- Until It Doesn't: A Regime Map and Its Mechanism","https://arxiv.org/abs/2606.00408",85,65,0,20,"https://github.com/i-DeepSearch/observation-masking","2026-06-02","Haoxiang Zhang; Qixin Xu; Zhuofeng Li; Lei Zhang; Pengcheng Jiang; Yu Zhang; Julian McAuley"
"Benchmarking Visual State Tracking in Multimodal Video Understanding","https://arxiv.org/abs/2606.03920",85,52,0,33,"https://github.com/vision-x-nyu/vstat","2026-06-03","Sihyun Yu; Nanye Ma; Pinzhi Huang; Hyunseok Lee; Shusheng Yang; June Suk Choi; Ellis Brown; Oscar Michel; Boyang Zheng; Jinwoo Shin; Saining Xie"
"Qwen-Image-Flash: Beyond Objective Design","https://arxiv.org/abs/2606.03746",85,0,85,0,"","2026-06-03","Tianhe Wu; Kun Yan; Zikai Zhou; Lihan Jiang; Jiahao Li; Jie Zhang; Kaiyuan Gao; Ningyuan Tang; Shengming Yin; Xiaoyue Chen; Xiao Xu; Yilei Chen; Yuxiang Chen; Yan Shu; Yixian Xu; et al. (24 authors)"
"VIMPO: Value-Implicit Policy Optimization for LLMs","https://arxiv.org/abs/2606.20008",85,0,75,10,"https://github.com/backprop07/VIMPO","2026-06-18","Zhewei Kang; Aosong Feng; Sergey Levine; Dawn Song; Xuandong Zhao"
"Current World Models Lack a Persistent State Core","https://arxiv.org/abs/2606.20545",83,0,71,12,"https://github.com/JinPLu/WRBench","2026-06-18","Jinpeng Lu; Dexu Zhu; Haoyuan Shi; Linghan Cai; Guo Tang; Yinda Chen; Jie Cao; Duyu Tang; Yi Zhang; Yong Dai; Xiaozhu Ju"
"OPD-Evolver: Cultivating Holistic Agent Evolver via On-Policy Distillation","https://arxiv.org/abs/2606.17628",83,0,52,31,"https://github.com/bingreeky/opd-evolver","2026-06-16","Guibin Zhang; Xun Xu; Yanwei Yue; Zikun Su; Wangchunshu Zhou; Xiaobin Hu; Shuicheng Yan"
"DragMesh-2: Physically Plausible Dexterous Hand-Object Interaction with Articulated Objects","https://arxiv.org/abs/2606.15133",82,74,0,8,"https://github.com/AIGeeksGroup/DragMesh-2","2026-06-19","Tianshan Zhang; Yijia Duan; Yanjun Li; Zeyu Zhang; Hao Tang"
"ACE-Ego-0: Unifying Egocentric Human and Robotic Data for VLA Pretraining","https://arxiv.org/abs/2606.17200",82,53,0,29,"https://github.com/ACERobotics-VLA/ACE-Ego-0","2026-06-17","Hao Li; Ganlong Zhao; Yufei Liu; Haotian Hou; Guoquan Ye; Tongyan Fang; Chunxiao Liu; Siyuan Huang; Jianbo Liu; Xiaogang Wang; Hongsheng Li"
"HarnessX: A Composable, Adaptive, and Evolvable Agent Harness Foundry","https://arxiv.org/abs/2606.14249",82,0,82,0,"","2026-06-12","Tingyang Chen; Shuo Lu; Kang Zhao; Weicheng Meng; Hanlin Teng; Tianhao Li; Chao Li; Xule Liu; Jian Liang; Zhizhong Zhang; Yuan Xie; Heng Qu; Kun Shao; Jian Luan"
"OrderGrad: Optimizing Beyond the Mean with Order-Statistic Policy Gradient Estimation","https://arxiv.org/abs/2606.06096",82,0,69,13,"https://github.com/paavo5/ordergrad","2026-06-04","Paavo Parmas; Yongmin Kim; Kohsei Matsutani; Shota Takashiro; Soichiro Nishimori; Takeshi Kojima; Yusuke Iwasawa; Yutaka Matsuo"
"Tapered Language Models","https://arxiv.org/abs/2606.23670",80,0,80,0,"","2026-06-22","Reza Bayat; Ali Behrouz; Aaron Courville"
"Where Do Deep-Research Agents Go Wrong? Span-Level Error Localization in Agent Trajectories","https://arxiv.org/abs/2606.02060",79,57,0,22,"https://github.com/NJU-LINK/DRIFT","2026-06-04","Jiaming Wang; Ziteng Feng; Jiangtao Wu; Ruihao Li; Qianqian Xie; Yuxiang Ren; He Zhu; Xueming Han; Fanyu Meng; Junlan Feng; Jiaheng Liu"
"Pretraining Recurrent Networks without Recurrence","https://arxiv.org/abs/2606.06479",78,0,78,0,"","2026-06-04","Akarsh Kumar; Phillip Isola"
"AtomMem: Building Simple and Effective Memory System for LLM Agents via Atomic Facts","https://arxiv.org/abs/2606.19847",78,0,62,16,"https://github.com/MINE-USTC/AtomMem","2026-06-18","Yanyu Yao; Shangze Li; Zhi Zheng; Hui Zheng; Qi Liu; Tong Xu; Enhong Chen"
"A Matter of TASTE: Improving Coverage and Difficulty of Agent Benchmarks","https://arxiv.org/abs/2605.28556",77,73,0,4,"https://github.com/tomerkeren42/TASTE-task-synthesis-from-tool-sequence-evolution","2026-06-02","Tomer Keren; Nitay Calderon; Asaf Yehudai; Yotam Perlitz; Michal Shmueli-Scheuer; Roi Reichert"
"Grouped Query Experts: Mixture-of-Experts on GQA Self-Attention","https://arxiv.org/abs/2606.20945",75,75,0,0,"","2026-06-23","Vishesh Tripathi; Abhay Kumar"
"Skill-MAS: Evolving Meta-Skill for Automatic Multi-Agent Systems","https://arxiv.org/abs/2606.18837",75,0,51,24,"https://github.com/linhh29/Skill_MAS","2026-06-24","Hehai Lin; Qi Yang; Chengwei Qin"
"OpenThoughts-Agent: Data Recipes for Agentic Models","https://arxiv.org/abs/2606.24855",74,0,74,0,"","2026-06-23","Negin Raoof; Richard Zhuang; Marianna Nezhurina; Etash Guha; Atula Tejaswi; Ryan Marten; Charlie F. Ruan; Tyler Griggs; Alexander Glenn Shaw; Hritik Bansal; E. Kelly Buchanan; Artem Gazizov; Reinhard Heckel; Chinmay Hegde; Sankalp Jajee; et al. (50 authors)"
"T-Rex: Tactile-Reactive Dexterous Manipulation","https://arxiv.org/abs/2606.17055",74,0,74,0,"","2026-06-18","Dantong Niu; Zhuoyang Liu; Zekai Wang; Boning Shao; Zhao-Heng Yin; Anirudh Pai; Yuvan Sharma; Stefano Saravalle; Ruijie Zheng; Jing Wang; Ryan Punamiya; Mengda Xu; Yuqi Xie; Yunfan Jiang; Letian Fu; et al. (34 authors)"
"ConMem: Structured Memory-Guided Adaptation in Training-Free Multi-Agent Systems","https://arxiv.org/abs/2606.08702",74,0,74,0,"","2026-06-07","Zhixun Tan; Qiang Chen; Tairan Huang; Xiu Su; Yi Chen"
"DanceOPD: On-Policy Generative Field Distillation","https://arxiv.org/abs/2606.27377",73,73,0,0,"","2026-06-26","Wei Zhou; Xiongwei Zhu; Zelin Xu; Bo Dong; Lixue Gong; Yongyuan Liang; Meng Chu; Leigang Qu; Lingdong Kong; Wei Liu; Tat-Seng Chua"
"K-BrowseComp: A Web Browsing Agent Benchmark Grounded in Korean Contexts","https://arxiv.org/abs/2606.02404",72,59,0,13,"https://github.com/prometheus-eval/K-BrowseComp","2026-06-02","Nahyun Lee; Dongkeun Yoon; Guijin Son; Geewook Kim; Dayoon Ko; Jeonghun Park; Haneul Yoo; Jaewon Cho; Junghun Park; Changyoon Lee; Kyochul Jang; Jaeyeon Kim; Eunsu Kim; Woojin Cho; Seungone Kim"
"Agentic Environment Engineering for Large Language Models: A Survey of Environment Modeling, Synthesis, Evaluation, and Application","https://arxiv.org/abs/2606.12191",70,70,0,0,"","2026-06-11","Jiachun Li; Zhuoran Jin; Tianyi Men; Yupu Hao; Kejian Zhu; Lingshuai Wang; Dongqi Huang; Longxiang Wang; Shengjia Hua; Lu Wang; Jinshan Gao; Hongbang Yuan; Ruilin Xu; Kang Liu; Jun Zhao"
"Dense Supervision, Sparse Updates: On the Sparsity and Geometry of On-Policy Distillation","https://arxiv.org/abs/2606.13657",70,0,67,3,"https://github.com/SydCS/OPD-Param-Analysis","2026-06-12","Guo Yu; Wenlin Liu; Yulan Hu; Hao-Xuan Ma; Jun-Peng Jiang; Han-Jia Ye"
"Measuring Epistemic Resilience of LLMs Under Misleading Medical Context","https://arxiv.org/abs/2606.12291",69,60,0,9,"https://github.com/AI-in-Health/MedMisBench","2026-06-15","Hongjian Zhou; Xinyu Zou; Jinge Wu; Sean Wu; Junchi Yu; Bradley Max Segal; Tobias Erich Niebuhr; Sara Amro; Michael Petrus; Sheikh Momin; Alexandra M. Cardoso Pinto; Rachel Niesen; Laura Sophie Wegner; Dhruv Darji; Jung Moses Koo; et al. (22 authors)"
"Unsafe AI or Consolidated Power: AI’s False Dichotomy","https://www.alphaxiv.org/abs/2026.unsafe-ai-or-consolidated-power-ais-false-dichotomy",69,0,69,0,"","2026-06-15","Parth Asawa; Joseph E. Gonzalez"
"End-to-End Context Compression at Scale","https://arxiv.org/abs/2606.09659",69,0,69,0,"","2026-06-08","Ang Li; Sean McLeish; Haozhe Chen; Nimit Kalra; Zaiqian Chen; Artem Gazizov; Venkata Anoop Suhas Kumar Morisetty; Bhavya Kailkhura; Harshitha Menon; Zhuang Liu; Brian R. Bartoldson; Tom Goldstein; Sanae Lotfi; Micah Goldblum; Pavel Izmailov"
"Trust-Region Behavior Blending for On-Policy Distillation","https://arxiv.org/abs/2605.31159",68,68,0,0,"","2026-06-01","Daniil Plyusov; Alexey Gorbatovski; Alexey Malakhov; Nikita Balagansky; Boris Shaposhnikov; Daria Korotyshova; Daniil Gavrilov"
"CoVEBench: Can Video Editing Models Handle Complex Instructions?","https://arxiv.org/abs/2606.08415",68,51,0,17,"https://github.com/NJU-LINK/CoVEBench","2026-06-09","Jiangtao Wu; Jiaming Wang; Yiwen He; Yuanxing Zhang; Shihao Li; Dunyuan Liu; Xuedong Zhao; Jialu Chen; Zekun Moore Wang; Jiaheng Liu"
"Why Muon Outperforms Adam: A Curvature Perspective","https://arxiv.org/abs/2606.04662",68,0,68,0,"","2026-06-03","Shuche Wang; Fengzhuo Zhang; Jiaxiang Li; Dirk Bergemann; Zhuoran Yang"
"Do Transformers Need Three Projections? Systematic Study of QKV Variants","https://arxiv.org/abs/2606.04032",67,0,67,0,"https://github.com/alikayyam/Do-Transformers-Need-3-Projections","2026-06-04","Ali Kayyam; Anusha Madan Gopal; M Anthony Lewis"
"Wall Attention: Length Generalization With Diagonal Gates","https://www.alphaxiv.org/abs/2026.wall-attention",67,0,67,0,"","2026-06-02",""
"LatentSkill: From In-Context Textual Skills to In-Weight Latent Skills for LLM Agents","https://arxiv.org/abs/2606.06087",66,66,0,0,"","2026-06-09","Aofan Yu; Chenyu Zhou; Tianyi Xu; Zihan Guo; Rong Shan; Zhihui Fu; Jun Wang; Weiwen Liu; Yong Yu; Weinan Zhang; Jianghao Lin"
"Scaling Laws, Carefully","https://arxiv.org/abs/2026.2026-06-24-scaling-laws",66,0,66,0,"","2026-06-24","Lilian Weng"
"Next Forcing: Causal World Modeling with Multi-Chunk Prediction","https://arxiv.org/abs/2606.11187",66,0,66,0,"","2026-06-09","Gangwei Xu; Qihang Zhang; Jiaming Zhou; Xing Zhu; Yujun Shen; Xin Yang; Yinghao Xu"
"HumanScale: Egocentric Human Video Can Outperform Real-Robot Data for Embodied Pretraining","https://arxiv.org/abs/2606.20521",65,0,65,0,"","2026-06-18","Juncheng Ma; Jianxin Bi; Yufan Deng; Xuanran Zhai; Kewei Zhang; Ye Huang; Bo Liang; Shukai Gong; Jiankai Tu; Xiaotian Tang; Jiaxin Li; Kaiqi Chen; Duomin Wang; Yuqi Wang; Bingyi Kang; et al. (22 authors)"
"On Advantage Estimates for Max@K Policy Gradients","https://arxiv.org/abs/2606.06080",64,0,64,0,"","2026-06-04","Shota Takashiro; Soichiro Nishimori; Paavo Parmas; Yongmin Kim; Kohsei Matsutani; Gouki Minegishi; Yusuke Iwasawa; Takeshi Kojima; Yutaka Matsuo"
"Reinforcement Learning from Rich Feedback with Distributional DAgger","https://arxiv.org/abs/2606.05152",64,0,51,13,"https://github.com/rishabh-1086/distIL","2026-06-05","Rishabh Agrawal; Jacob Fein-Ashley; Paria Rashidinejad"
"Beyond Scalar Rewards by Internalizing Reasoning into Score Distributions","https://arxiv.org/abs/2606.09076",63,63,0,0,"","2026-06-11","Xin Jin; Huanqia Cai; Zhen Li; Zechao Zhan; Dengyang Jiang; Aiming Hao; Yuming Jiang; Chunle Guo; Peng Gao; Ming-Ming Cheng; Steven C. H. Hoi"
"Representation Forcing for Bottleneck-Free Unified Multimodal Models","https://arxiv.org/abs/2605.31604",63,63,0,0,"","2026-06-01","Yuqing Wang; Zhijie Lin; Ceyuan Yang; Yang Zhao; Fei Xiao; Hao He; Qi Zhao; Zihan Ding; Fuyun Wang; Shuai Wang; Youliang Zhang; Haoqi Fan; Xihui Liu"
"TRL-Bench: Standardizing Cross-Paradigm Representation-Level Evaluation of Tabular Encoders","https://arxiv.org/abs/2606.09323",63,53,0,10,"https://github.com/LOGO-CUHKSZ/TRL-Bench","2026-06-11","Wei Pang; Xiangru Jian; Hehan Li; Zhixuan Yu; Alex Xue; Jinyang Li; Zhengyuan Dong; Xinjian Zhao; Hao Xu; Chao Zhang; Reynold Cheng; M. Tamer Özsu; Tianshu Yu"
"SwanVoice: Expressive Long-Form Zero-Shot Speech Synthesis for Both Monologue and Dialogue","https://arxiv.org/abs/2605.30993",62,62,0,0,"","2026-06-01","Ruiqi Li; Yu Zhang; Changhao Pan; Ke Lei; Xiang Yin; Cheng Yang"
"Flash-WAM: Modality-Aware Distillation for World Action Models","https://arxiv.org/abs/2606.05254",61,0,61,0,"https://github.com/Arman-Akbari/FlashWAM","2026-06-03","Arman Akbari; Ci Zhang; Arash Akbari; Lin Zhao; Yixiao Chen; Weiwei Chen; Xuan Zhang; Geng Yuan; Yanzhi Wang"
"World Value Models for Robotic Manipulation","https://arxiv.org/abs/2606.24742",60,0,60,0,"","2026-06-23","Zhihao Wang; Jianxiong Li; Yu Cui; Yuan Gao; Xianyuan Zhan; Junzhi Yu; Xiao Ma"
"Playful Agentic Robot Learning","https://arxiv.org/abs/2606.19419",60,0,60,0,"","2026-06-17","Junyi Zhang; Jiaxin Ge; Hanjun Yoo; Letian Fu; Zihan Yang; Yaowei Liu; Raj Saravanan; Shaofeng Yin; Justin Yu; Dantong Niu; Zirui Wang; Roei Herzig; Ken Goldberg; Yutong Bai; David M. Chan; et al. (20 authors)"
"Deep Research in Physical Sciences: A Multi-Agent Framework and Comprehensive Benchmark","https://arxiv.org/abs/2606.18648",60,0,57,3,"https://github.com/yigengjiang/physci-deepresearch","2026-06-23","Yigeng Jiang; Tengchao Yang; Taoyong Cui; Jiaxing Wan; Yuan Wang; Weida Wang; Zhiyu Liu; Chuyi Peng; Binzhao Luo; Maoli Gao; Huaihai Huang; Yuqianer Zeng; Ziyang Zheng; Dongchen Huang; Chao Chen; et al. (28 authors)"
"AHA-WAM:Asynchronous Horizon-Adaptive World-Action Modeling with Observation-Guided Context Routing","https://arxiv.org/abs/2606.09811",59,0,59,0,"","2026-06-08","Jisong Cai; Long Ling; Shiwei Chu; Zhongshan Liu; Jiayue Kang; Zhixuan Liang; Wenjie Xu; Yinan Mao; Weinan Zhang; Xiaokang Yang; Ru Ying; Ran Zheng; Yao Mu"
"Mellum2 Technical Report","https://arxiv.org/abs/2605.31268",58,58,0,0,"","2026-06-01","Marko Kojic; Ivan Bondyrev; Aral de Moor; Joseph Shtok; Petr Borovlev; Kseniia Lysaniuk; Madeeswaran Kannan; Ivan Dolgov; Nikita Pavlichenko"
"You Don't Need to Run Every Eval","https://arxiv.org/abs/2606.24020",58,0,58,0,"","2026-06-22","Yuchen Zeng; Dimitris Papailiopoulos"
"The Hitchhiker's Guide to Agentic AI: From Foundations to Systems","https://arxiv.org/abs/2606.24937",58,0,58,0,"","2026-06-22","Haggai Roitman"
"ENPIRE: Agentic Robot Policy Self-Improvement in the Real World","https://arxiv.org/abs/2606.19980",58,0,58,0,"","2026-06-18","Wenli Xiao; Jia Xie; Tonghe Zhang; Haotian Lin; Letian 'Max' Fu; Haoru Xue; Jalen Lu; Yi Yang; Cunxi Dai; Zi Wang; Jimmy Wu; Guanzhi Wang; S. Shankar Sastry; Ken Goldberg; Linxi 'Jim' Fan; et al. (17 authors)"
"Unified Multimodal Autoregressive Modeling with Shared Context-Visual Tokenizer is Key to Unification","https://arxiv.org/abs/2606.18249",58,0,58,0,"","2026-06-17","Wujian Peng; Lingchen Meng; Yuxuan Cai; Xianwei Zhuang; Yuhuan Yang; Rongyao Fang; Chenfei Wu; Junyang Lin; Zuxuan Wu; Shuai Bai"
"Echo-Infinity: Learning Evolving Memory for Real-Time Infinite Video Generation","https://arxiv.org/abs/2606.04527",58,0,58,0,"","2026-06-03","Yuxuan Bian; Zeyue Xue; Songchun Zhang; Shiyi Zhang; Weiyang Jin; Yaowei Li; Junhao Zhuang; Haoran Li; Jie Huang; Haoyang Huang; Nan Duan; Qiang Xu"
"A Semi-Analytical Loss Cone Theory for Tidal Disruption Event Rates Around Kerr Black Holes","https://arxiv.org/abs/2606.18050",57,0,57,0,"","2026-06-16","Wenkang Xin"
"In-Context World Modeling for Robotic Control","https://arxiv.org/abs/2606.26025",56,56,0,0,"","2026-06-26","Siyin Wang; Junhao Shi; Senyu Fei; Zhaoyang Fu; Li Ji; Jingjing Gong; Xipeng Qiu"
"SC3-Eval: Evaluating Robot Foundation Models via Self-Consistent Video Generation","https://arxiv.org/abs/2606.18610",56,0,56,0,"","2026-06-26","Wei-Cheng Tseng; Gashon Hussein; Yuzhu Dong; Allen Z. Ren; Lucy X. Shi; XuDong Wang; Sergey Levine; Zhaoshuo Li; Jinwei Gu; Florian Shkurti; Ming-Yu Liu; Quan Vuong"
"Can I Buy Your KV Cache?","https://arxiv.org/abs/2606.13361",56,0,54,2,"https://github.com/zly-idleness/kvstore","2026-06-11","Luoyuan Zhang"
"SoCRATES: Towards Reliable Automated Evaluation of Proactive LLM Mediation across Domains and Socio-cognitive Variations","https://arxiv.org/abs/2606.05563",55,55,0,0,"","2026-06-08","Taewon Yun; Hyeonseong Park; Jeonghwan Choi; Hayoon Park; Yeeun Choi; Hwanjun Song"
"RepFusion: Leveraging Multimodal Priors for Denoising in Representation Space","https://arxiv.org/abs/2606.14700",55,0,55,0,"","2026-06-12","Xichen Pan; Aashu Singh; Satya Narayan Shukla; Xiangjun Fan; Shlok Kumar Mishra; Saining Xie"
"WavTTS: Towards High-Quality Zero-Shot TTS via Direct Raw Waveform Modeling","https://arxiv.org/abs/2606.03455",55,0,55,0,"","2026-06-02","Wenxi Chen; Dongya Jia; Yushen Chen; Zhikang Niu; Yuzhe Liang; Xiquan Li; Ruiqi Yan; Ziyang Ma; Guanrou Yang; Sanyuan Chen; Yue Wang; Zhuo Chen; Kai Yu; Xie Chen"
"From Activation to Causality: Discovery of Causal Visual Representations in the Human Brain","https://arxiv.org/abs/2605.23895",54,54,0,0,"","2026-06-03","Yuval Golbari; Navve Wasserman; Matias Cosarinsky; Roman Beliy; Aude Oliva; Antonio Torralba; Michal Irani; Tamar Rott Shaham"
"Sakana Fugu Technical Report","https://arxiv.org/abs/2606.21228",53,0,53,0,"","2026-06-23","Yujin Tang; Edoardo Cetin; Jinglue Xu; Qi Sun; Stefan Nielsen; Vincent Richard; Haruto Goda; Iaroslav Tymchenko; Nhan Nguyen; Hyunin Lee; Mari Ashiga; Shashank Kotyan; So Kuroki; Tarin Clanuwat"
"OmniOPD: Logit-Free On-Policy Distillation via Speculative Verification","https://arxiv.org/abs/2606.01476",53,0,53,0,"","2026-06-11","Yuhang Zhou; Lizhu Zhang; Yifan Wu; Mingyi Wang; Bo Peng; Jiayi Liu; Xiangjun Fan; Zhuokai Zhao"
"GRAIL: Generating Humanoid Loco-Manipulation from 3D Assets and Video Priors","https://arxiv.org/abs/2606.05160",53,0,53,0,"","2026-06-03","Tianyi Xie; Haotian Zhang; Jinhyung Park; Zi Wang; Bowen Wen; Jiefeng Li; Xueting Li; Qingwei Ben; Haoyang Weng; Yufei Ye; David Minor; Tingwu Wang; Chenfanfu Jiang; Sanja Fidler; Jan Kautz; et al. (20 authors)"
"VLMs are Good Teachers for Video Reasoning via Adaptive Test-Time Optimization","https://arxiv.org/abs/2606.02564",52,0,52,0,"","2026-06-25","Junhao Cheng; Liang Hou; Tianxiong Zhong; Xin Tao; Pengfei Wan; Kun Gai; Jing Liao"
"Echo-Memory: A Controlled Study of Memory in Action World Models","https://arxiv.org/abs/2606.09803",52,0,52,0,"","2026-06-08","Wayne King; Zeyue Xue; Yuxuan Bian; Jie Huang; Haoran Li; Yaowei Li; Yaofeng Su; Yuming Li; Haoyu Wang; Shiyi Zhang; Songchun Zhang; Yuwei Niu; Sihan Xu; Junhao Zhuang; Haoyang Huang; et al. (16 authors)"
"Escaping the Self-Confirmation Trap: An Execute-Distill-Verify Paradigm for Agentic Experience Learning","https://arxiv.org/abs/2606.24428",51,51,0,0,"","2026-06-24","Shiding Zhu; Yudi Qi; Yajie Wang; Jiaze Li; Chao Song; Yaorui Shi; Yibo Miao; Hanqi Gao; Kai Zhang"
"$μ_0$: A Scalable 3D Interaction-Trace World Model","https://arxiv.org/abs/2606.13769",51,0,51,0,"","2026-06-15","Seungjae Lee; Yoonkyo Jung; Jusuk Lee; Jonghun Shin; Amir Hossein Shahidzadeh; Yao-Chih Lee; H. Jin Kim; Jia-Bin Huang; Furong Huang"
"VisualClaw: A Real-Time, Personalized Agent for the Physical World","https://arxiv.org/abs/2606.16295",51,0,51,0,"","2026-06-15","Haoqin Tu; Jianwen Chen; Zijun Wang; Siwei Han; Juncheng Wu; Hardy Chen; Haonian Ji; Kaiwen Xiong; Jiaqi Liu; Peng Xia; Jieru Mei; Hongliang Fei; Jason Eshraghian; Zeyu Zheng; Yuyin Zhou; et al. (17 authors)"
"NVIDIA OmniDreams: Real-Time Generative World Model for Closed-Loop Autonomous Vehicle Simulation","https://arxiv.org/abs/2606.03159",51,0,51,0,"","2026-06-02","Aarti Basant; Amlan Kar; Despoina Paschalidou; Fangyin Wei; Francesco Ferroni; Guillermo Garcia Cobo; Haithem Turki; Huan Ling; Jaewoo Seo; James Lucas; Jay Zhangjie Wu; Jialiang Wang; Jonathan Lorraine; Jun Gao; Kai He; et al. (33 authors)"
